{
  "final_isolation_index": 0.9446581155061722,
  "voices": {
    "GRIEF": {
      "phi": 0.8538147778714145,
      "grip": 0.08000000000000007,
      "dissolved": true
    },
    "STUCKNESS": {
      "phi": 0.6770362653256671,
      "grip": 0.010000000000000009,
      "dissolved": true
    },
    "LONGING": {
      "phi": 0.7292330532246467,
      "grip": 0.48,
      "dissolved": false
    },
    "FORGIVENESS": {
      "phi": 0.7790250165613762,
      "grip": 0.28,
      "dissolved": false
    },
    "PRESENCE": {
      "phi": 1.0,
      "grip": 0.0,
      "dissolved": true
    }
  },
  "phi_trajectories": {
    "GRIEF": [
      0.6436521650393339,
      0.6262513241029226,
      0.6358773994803301,
      0.6461613497902936,
      0.6438643694355208,
      0.7007032936209381,
      0.7092666711126678,
      0.7830939674274795,
      0.7857092131066394,
      0.8538147778714145
    ],
    "STUCKNESS": [
      0.578111392907369,
      0.6411061512985072,
      0.6458348390383226,
      0.657429118180636,
      0.6502626812181573,
      0.6475848619634905,
      0.6593417125280028,
      0.6653440754122204,
      0.6668471686148645,
      0.6770362653256671
    ],
    "LONGING": [
      0.7364460079413222,
      0.7263557717059229,
      0.7373688832453802,
      0.7345760564008543,
      0.7292330532246467
    ],
    "FORGIVENESS": [
      0.7820898825876241,
      0.7764631195648009,
      0.7760032421676175,
      0.7790250165613762
    ],
    "PRESENCE": [
      0.9444084496331553,
      0.9354770618132962,
      0.9461448477641692,
      0.9343798068063447,
      1.0
    ]
  }
}