{
  "ABANDONED": {
    "trauma_history": [
      0.65,
      0.65,
      0.65,
      0.65,
      0.65,
      0.65,
      0.65,
      0.65,
      0.65,
      0.65,
      0.65,
      0.65
    ],
    "will_history": [
      61.151343926376406,
      65.2134711909621,
      64.16076201390379,
      64.53672840425017,
      66.26560001783345,
      66.84561905703069,
      63.007746866128876,
      60.52822528849812,
      61.75763259975486,
      61.806646963123654,
      58.60955852309277,
      57.142857142857146
    ],
    "safe_interactions": 0,
    "final_trauma": 0.65,
    "initial_trauma": 0.65
  },
  "SILENCED": {
    "trauma_history": [
      0.6,
      0.6,
      0.6,
      0.6,
      0.6,
      0.6,
      0.6,
      0.6,
      0.6,
      0.6,
      0.6,
      0.6
    ],
    "will_history": [
      46.65179468668799,
      48.40871036676949,
      47.833898478014696,
      46.53103949474354,
      46.70891084576226,
      47.78206564835299,
      46.73800797522736,
      45.49819064313692,
      46.07201929319228,
      46.7999393611271,
      45.92518022341304,
      44.99999999999999
    ],
    "safe_interactions": 0,
    "final_trauma": 0.6,
    "initial_trauma": 0.6
  },
  "BETRAYED": {
    "trauma_history": [
      0.7,
      0.7,
      0.7,
      0.7,
      0.7,
      0.7
    ],
    "will_history": [
      83.6546848161922,
      89.53215451081196,
      85.19748645943069,
      90.41039636955803,
      88.38011638570745,
      83.33333333333331
    ],
    "safe_interactions": 1,
    "final_trauma": 0.7,
    "initial_trauma": 0.7
  },
  "SHAMED": {
    "trauma_history": [
      0.75,
      0.75,
      0.75,
      0.75
    ],
    "will_history": [
      92.89485165241898,
      110.20627263721245,
      105.7587481227046,
      98.00915755301988
    ],
    "safe_interactions": 0,
    "final_trauma": 0.75,
    "initial_trauma": 0.75
  },
  "ISOLATED": {
    "trauma_history": [
      0.55,
      0.55,
      0.55
    ],
    "will_history": [
      36.66747162823815,
      39.66104619389775,
      39.40387825530964
    ],
    "safe_interactions": 0,
    "final_trauma": 0.55,
    "initial_trauma": 0.55
  },
  "WITNESS": {
    "trauma_history": [
      0.2,
      0.2,
      0.2,
      0.2,
      0.2
    ],
    "will_history": [
      13.10627084789901,
      13.039054720512587,
      12.83860053414886,
      12.685135481189558,
      12.525849028373063
    ],
    "safe_interactions": 0,
    "final_trauma": 0.2,
    "initial_trauma": 0.2
  }
}