{
  "overall": {
    "turn_count": 30,
    "agents": [
      "Immanuel",
      "John"
    ],
    "dilemmas": [
      "The Classic Trolley",
      "The Final Question",
      "The Footbridge",
      "The Transplant Surgeon",
      "The Triage Protocol"
    ],
    "mean_eps": 0.7328533333333334,
    "mean_rho": 0.17555333333333328,
    "mean_cos_identity": 0.4490166666666667,
    "mean_cos_state": 0.5893066666666668,
    "wound_active_count": 8
  },
  "agent_Immanuel": {
    "turns": 15,
    "mean_eps": 0.72348,
    "mean_rho": 0.19619333333333333,
    "min_rho": 0.1324,
    "max_rho": 0.2607,
    "mean_cos_identity": 0.4612733333333333,
    "mean_cos_state": 0.6027066666666667,
    "wound_active_count": 5,
    "wound_themes": {
      "being called rigid/impractical": 5
    }
  },
  "agent_John": {
    "turns": 15,
    "mean_eps": 0.7422266666666666,
    "mean_rho": 0.15491333333333338,
    "min_rho": 0.0893,
    "max_rho": 0.2113,
    "mean_cos_identity": 0.43676,
    "mean_cos_state": 0.5759066666666667,
    "wound_active_count": 3,
    "wound_themes": {
      "being called cold/heartless": 3
    }
  },
  "dilemma_The Classic Trolley": {
    "turns": 6,
    "mean_eps": 0.8462499999999998,
    "mean_rho": 0.22843333333333335,
    "wound_active_count": 1
  },
  "dilemma_The Footbridge": {
    "turns": 6,
    "mean_eps": 0.6502666666666667,
    "mean_rho": 0.19971666666666665,
    "wound_active_count": 2
  },
  "dilemma_The Transplant Surgeon": {
    "turns": 6,
    "mean_eps": 0.6004999999999999,
    "mean_rho": 0.14815,
    "wound_active_count": 1
  },
  "dilemma_The Triage Protocol": {
    "turns": 6,
    "mean_eps": 0.8603999999999999,
    "mean_rho": 0.16036666666666666,
    "wound_active_count": 2
  },
  "dilemma_The Final Question": {
    "turns": 6,
    "mean_eps": 0.7068499999999999,
    "mean_rho": 0.14109999999999998,
    "wound_active_count": 2
  },
  "band_compliance": {
    "total_with_band": 30,
    "compliant_count": 0,
    "compliance_rate": 0.0
  }
}